{"stats":{"minecraft:picked_up":{"minecraft:repeater":1,"minecraft:stone_button":4,"minecraft:redstone":4,"minecraft:oak_sign":1,"minecraft:lever":1,"minecraft:observer":1,"minecraft:oak_button":1},"minecraft:used":{"dronemod:drone_spawn":134,"minecraft:oak_trapdoor":1,"minecraft:orange_dye":1,"minecraft:sticky_piston":2,"minecraft:oak_fence":1,"minecraft:glass":16,"minecraft:piston":3,"minecraft:netherite_block":19,"minecraft:lever":4,"minecraft:water_bucket":12,"minecraft:yellow_dye":1,"minecraft:black_concrete":40,"minecraft:light_gray_dye":1,"minecraft:command_block":57,"minecraft:red_wool":4,"minecraft:red_concrete":9,"minecraft:grass_block":53,"minecraft:breeze_spawn_egg":2,"minecraft:redstone":215,"minecraft:oak_button":3,"minecraft:blue_wool":1,"minecraft:stone_button":22,"minecraft:oak_sign":15,"minecraft:redstone_block":2,"minecraft:white_dye":1,"minecraft:parrot_spawn_egg":41,"minecraft:glow_ink_sac":12,"minecraft:yellow_wool":1,"minecraft:blue_dye":1,"minecraft:repeater":255,"minecraft:redstone_lamp":1,"minecraft:dirt":2,"minecraft:anvil":2,"minecraft:emerald_block":1,"minecraft:stripped_oak_wood":141,"minecraft:black_dye":2,"minecraft:smooth_stone_slab":36,"minecraft:cyan_dye":1,"minecraft:oak_wood":153,"minecraft:red_dye":1,"minecraft:cyan_wool":1,"minecraft:observer":9,"minecraft:blue_concrete":9,"minecraft:waxed_copper_bulb":3,"minecraft:netherite_sword":24},"minecraft:killed":{"minecraft:parrot":23},"minecraft:dropped":{"minecraft:oak_wood":4,"minecraft:repeater":1,"minecraft:yellow_wool":1,"minecraft:observer":2,"minecraft:command_block":1,"minecraft:stripped_oak_wood":1,"minecraft:oak_sign":2},"minecraft:custom":{"minecraft:time_since_rest":138034,"minecraft:sprint_one_cm":190512,"minecraft:walk_one_cm":383511,"minecraft:interact_with_anvil":2,"minecraft:mob_kills":24,"minecraft:drop":12,"minecraft:damage_dealt":1360,"minecraft:fly_one_cm":1503137,"minecraft:crouch_one_cm":1349,"minecraft:play_time":184081,"minecraft:deaths":2,"minecraft:sneak_time":1124,"minecraft:jump":1465,"minecraft:leave_game":11,"minecraft:walk_on_water_one_cm":1864,"minecraft:time_since_death":138008,"minecraft:total_world_time":244719}},"DataVersion":3955}